
<?xml version="1.0" encoding="UTF-8"?>
<addon scheme="3.0">
    <id>my_guest_restrictions</id>
    <version>1.0.0</version>
    <status>active</status>
    <depends>Ultimate,Rus</depends>
    <name>My Guest Restrictions</name>
    <description>Module that restricts guests from adding items to the cart and encourages registration. Allows setting a minimum price for non-registered users to place an order.</description>
    <developer>AM</developer>   
    <icon>icon.png</icon>
    <priority>1000</priority>
    <settings>
        <groups>
            <group id="my_guest_restriction_settings" parent="general">
                <name>My Guest Restrictions Settings</name>
            </group>
        </groups>
        <sections>
            <section>
                <group_id>my_guest_restriction_settings</group_id>
                <name>General Settings</name>
                <description>Configure general settings for guest restrictions.</description>
                <variables>
                    <variable>
                        <type>checkbox</type>
                        <name>enable_guest_restriction</name>
                        <value>Y</value>
                        <label>Enable Guest Restriction</label>
                    </variable>
                    <variable>
                        <type>text</type>
                        <name>registration_promo_text</name>
                        <value>Please register to add items to the cart!</value>
                        <label>Promotional Text for Registration</label>
                    </variable>
                </variables>
            </section>
            <section>
                <group_id>my_guest_restriction_settings</group_id>
                <name>Order Placement Settings</name>
                <description>Configure minimum price for non-registered users to place an order.</description>
                <variables>
                    <variable>
                        <type>checkbox</type>
                        <name>enable_minimum_order_price</name>
                        <value>N</value>
                        <label>Enable Minimum Order Price</label>
                    </variable>
                    <variable>
                        <type>text</type>
                        <name>minimum_order_price</name>
                        <value>100</value>
                        <label>Minimum Order Price</label>
                    </variable>
                </variables>
            </section>
        </sections>
    </settings>
</addon>